accel_x,accel_y,accel_z,gesture,gyro_x,gyro_y,gyro_z,rot_w,rot_x,rot_y,rot_z,sample,sensor,stance,timestamp
-0.78707886,-8.339893,-0.0863561,turn,,,,,,,,18,linear_acceleration,travel,0.002736806869506836
,,,turn,0.21471913,-0.32146785,-2.3961189,,,,,18,gyroscope,travel,0.003162860870361328
0.55486155,-7.905122,0.33192855,turn,,,,,,,,18,linear_acceleration,travel,0.005955696105957031
,,,turn,,,,0.6409071,-0.6689183,0.0905259,0.36550158,18,rotation_vector,travel,0.008607864379882812
,,,turn,,,,0.62924963,-0.66822034,0.11072751,0.38113785,18,rotation_vector,travel,0.009601831436157227
,,,turn,-0.05787948,-0.37934732,-3.0460796,,,,,18,gyroscope,travel,0.01134490966796875
-2.0227842,-8.070516,0.59446514,turn,,,,,,,,18,linear_acceleration,travel,0.018977642059326172
-1.8047476,-8.114013,0.3162982,turn,,,,,,,,18,linear_acceleration,travel,0.02205181121826172
-2.4515924,-7.153866,0.7599524,turn,,,,,,,,18,linear_acceleration,travel,0.02206897735595703
,,,turn,0.08628472,-0.58108556,-3.8563924,,,,,18,gyroscope,travel,0.022078990936279297
,,,turn,-0.17455475,-0.5523749,-3.4914002,,,,,18,gyroscope,travel,0.02554488182067871
,,,turn,,,,0.65183944,-0.67113906,0.064457685,0.3471643,18,rotation_vector,travel,0.02808070182800293
,,,turn,,,,0.66389936,-0.67164105,0.035191875,0.3269519,18,rotation_vector,travel,0.030382871627807617
,,,turn,0.56337047,-0.53985214,-4.1167736,,,,,18,gyroscope,travel,0.03289175033569336
,,,turn,,,,0.6789524,-0.6684419,0.005576821,0.3036082,18,rotation_vector,travel,0.03524470329284668
-3.1967797,-5.4562807,0.92852306,turn,,,,,,,,18,linear_acceleration,travel,0.03689765930175781
,,,turn,,,,0.69647986,-0.6609349,-0.023883613,0.2784069,18,rotation_vector,travel,0.0386967658996582
,,,turn,0.9250027,-0.6073528,-4.2510114,,,,,18,gyroscope,travel,0.04076886177062988
,,,turn,1.8164078,-0.9370673,-3.8652499,,,,,18,gyroscope,travel,0.041954755783081055
-3.7583923,-2.6505613,1.1060534,turn,,,,,,,,18,linear_acceleration,travel,0.07718992233276367
,,,turn,,,,0.77144176,-0.59171355,-0.12951034,0.19488399,18,rotation_vector,travel,0.08619880676269531
,,,turn,,,,0.73454803,-0.6327665,-0.08120624,0.23119545,18,rotation_vector,travel,0.08620691299438477
-3.4987438,-0.07428551,0.672932,turn,,,,,,,,18,linear_acceleration,travel,0.08758401870727539
,,,turn,1.3672692,-0.77763146,-4.1399865,,,,,18,gyroscope,travel,0.08928275108337402
,,,turn,,,,0.7149735,-0.64948887,-0.053250093,0.25326204,18,rotation_vector,travel,0.09174871444702148
,,,turn,1.9399554,-0.9944886,-3.0532572,,,,,18,gyroscope,travel,0.09445476531982422
-3.206013,1.816762,-0.35428,turn,,,,,,,,18,linear_acceleration,travel,0.09667682647705078
-3.2689078,3.820508,-0.9902147,turn,,,,,,,,18,linear_acceleration,travel,0.09879565238952637
,,,turn,1.9679024,-0.94027436,-3.5349245,,,,,18,gyroscope,travel,0.10029792785644531
,,,turn,,,,0.7539959,-0.61257887,-0.10669159,0.21178848,18,rotation_vector,travel,0.1014399528503418
,,,turn,1.7592919,-1.0105238,-2.5173757,,,,,18,gyroscope,travel,0.10246562957763672
,,,turn,1.5865698,-0.8907942,-1.9660698,,,,,18,gyroscope,travel,0.10340571403503418
,,,turn,,,,0.7859652,-0.57152736,-0.14977972,0.18215746,18,rotation_vector,travel,0.23419189453125
-2.5760038,6.932604,-2.810667,turn,,,,,,,,18,linear_acceleration,travel,0.234205961227417
-2.9171147,5.2100496,-1.6737809,turn,,,,,,,,18,linear_acceleration,travel,0.23421168327331543
-2.479143,6.3406067,-2.2159972,turn,,,,,,,,18,linear_acceleration,travel,0.23810195922851562
-5.7596817,9.824645,-4.8744807,turn,,,,,,,,18,linear_acceleration,travel,0.2381136417388916
,,,turn,0.04428773,-0.15882497,1.0630583,,,,,18,gyroscope,travel,0.23811769485473633
,,,turn,,,,0.7976249,-0.55326277,-0.16675928,0.1728759,18,rotation_vector,travel,0.23812294006347656
,,,turn,1.3765849,-0.701426,-1.4132367,,,,,18,gyroscope,travel,0.24058866500854492
,,,turn,,,,0.8071182,-0.5372584,-0.17935167,0.16657302,18,rotation_vector,travel,0.24308371543884277
,,,turn,1.0790935,-0.57757306,-0.8378017,,,,,18,gyroscope,travel,0.2448568344116211
-3.0810332,7.410203,-3.3511841,turn,,,,,,,,18,linear_acceleration,travel,0.24609589576721191
,,,turn,,,,0.8142316,-0.5244862,-0.18775915,0.16336364,18,rotation_vector,travel,0.24867773056030273
-3.5439205,7.9940615,-3.8148599,turn,,,,,,,,18,linear_acceleration,travel,0.25116801261901855
-3.6763883,8.419405,-4.22473,turn,,,,,,,,18,linear_acceleration,travel,0.2541928291320801
,,,turn,,,,0.8201174,-0.51094776,-0.19462727,0.16870078,18,rotation_vector,travel,0.2570629119873047
,,,turn,0.3921755,-0.3950771,0.42577308,,,,,18,gyroscope,travel,0.25880885124206543
,,,turn,,,,0.81856084,-0.5156566,-0.19285107,0.16390522,18,rotation_vector,travel,0.2614598274230957
,,,turn,0.7328856,-0.50503284,-0.21426098,,,,,18,gyroscope,travel,0.26418471336364746
,,,turn,-0.24755314,-0.031154128,1.8301523,,,,,18,gyroscope,travel,0.26706576347351074
-4.2645426,8.962524,-4.6708717,turn,,,,,,,,18,linear_acceleration,travel,0.26882481575012207
,,,turn,,,,0.8156564,-0.51452035,-0.18507054,0.18900332,18,rotation_vector,travel,0.2703239917755127
,,,turn,,,,0.81915236,-0.51059633,-0.19222887,0.17699975,18,rotation_vector,travel,0.2712128162384033
,,,turn,-1.2571607,-0.28420505,3.9683332,,,,,18,gyroscope,travel,0.2731797695159912
,,,turn,,,,0.80877835,-0.52215976,-0.17377722,0.20743288,18,rotation_vector,travel,0.29769086837768555
,,,turn,,,,0.7871815,-0.5512035,-0.12479354,0.24687341,18,rotation_vector,travel,0.2976996898651123
-12.279815,10.211824,-10.049213,turn,,,,,,,,18,linear_acceleration,travel,0.29770374298095703
,,,turn,-0.61590487,-0.11835514,2.7826438,,,,,18,gyroscope,travel,0.29770874977111816
-8.503353,11.654972,-6.3448997,turn,,,,,,,,18,linear_acceleration,travel,0.29967379570007324
-7.563628,10.246826,-5.317804,turn,,,,,,,,18,linear_acceleration,travel,0.3011589050292969
,,,turn,-2.4964535,-0.40744713,5.1315737,,,,,18,gyroscope,travel,0.30399274826049805
-10.411934,12.790168,-8.407853,turn,,,,,,,,18,linear_acceleration,travel,0.3053257465362549
,,,turn,,,,0.76419044,-0.5697391,-0.10570284,0.28326207,18,rotation_vector,travel,0.306351900100708
,,,turn,,,,0.7262287,-0.599753,-0.08702393,0.32452297,18,rotation_vector,travel,0.3079197406768799
,,,turn,-4.2928557,-0.6224717,5.802609,,,,,18,gyroscope,travel,0.30884790420532227
,,,turn,-3.3677,-1.378112,7.131241,,,,,18,gyroscope,travel,0.4697699546813965
,,,turn,,,,0.49253428,-0.6735075,0.08522396,0.54454994,18,rotation_vector,travel,0.4783308506011963
-14.111753,6.7226467,-8.482981,turn,,,,,,,,18,linear_acceleration,travel,0.47833967208862305
,,,turn,,,,0.6164233,-0.664779,-0.05210157,0.41877988,18,rotation_vector,travel,0.4798257350921631
,,,turn,,,,0.6732868,-0.63683254,-0.07149944,0.3688048,18,rotation_vector,travel,0.4821617603302002
,,,turn,-4.829806,-1.0409144,6.506173,,,,,18,gyroscope,travel,0.4848158359527588
-15.346682,2.898799,-5.902053,turn,,,,,,,,18,linear_acceleration,travel,0.4874696731567383
-14.853644,-3.0115175,-9.208577,turn,,,,,,,,18,linear_acceleration,travel,0.4925367832183838
,,,turn,0.18325958,0.46777007,7.5663295,,,,,18,gyroscope,travel,0.4948117733001709
,,,turn,-0.65194595,-0.90316427,7.604509,,,,,18,gyroscope,travel,0.4968247413635254
-15.362665,0.94120836,-5.065563,turn,,,,,,,,18,linear_acceleration,travel,0.4996459484100342
,,,turn,,,,0.5352693,-0.6687555,0.0347788,0.5148236,18,rotation_vector,travel,0.5037498474121094
,,,turn,,,,0.5696265,-0.673443,-0.018608322,0.47080147,18,rotation_vector,travel,0.5067987442016602
,,,turn,-2.9932396,0.71776664,5.412419,,,,,18,gyroscope,travel,0.5085709095001221
-17.061287,-7.225346,-9.7149515,turn,,,,,,,,18,linear_acceleration,travel,0.5100679397583008
,,,turn,,,,0.43794173,-0.687764,0.11441018,0.56753695,18,rotation_vector,travel,0.5111978054046631
-17.635662,-9.9641285,-9.123239,turn,,,,,,,,18,linear_acceleration,travel,0.5124838352203369
,,,turn,-1.9391917,1.189202,6.578408,,,,,18,gyroscope,travel,0.5143790245056152
,,,turn,-2.4217753,-0.2883284,2.3828325,,,,,18,gyroscope,travel,0.5162577629089355
-13.919365,-15.123323,-5.752815,turn,,,,,,,,18,linear_acceleration,travel,0.5185689926147461
,,,turn,,,,0.3586193,-0.702197,0.13437061,0.6002133,18,rotation_vector,travel,0.5200598239898682
-8.622849,-17.060747,-3.5274959,turn,,,,,,,,18,linear_acceleration,travel,0.521857738494873
,,,turn,,,,0.39115864,-0.69681203,0.13010098,0.5869597,18,rotation_vector,travel,0.5239229202270508
,,,turn,-3.5505016,-1.7363845,1.3377949,,,,,18,gyroscope,travel,0.5904238224029541
,,,turn,-4.6660943,-2.34389,0.7501425,,,,,18,gyroscope,travel,0.5985488891601562
4.0368757,-9.282034,-3.955022,turn,,,,,,,,18,linear_acceleration,travel,0.5989696979522705
,,,turn,-5.0507865,-2.8087585,0.11942416,,,,,18,gyroscope,travel,0.5989758968353271
,,,turn,-2.6177104,0.24587326,3.599829,,,,,18,gyroscope,travel,0.5989828109741211
,,,turn,-3.8918226,-3.1942143,-1.0079277,,,,,18,gyroscope,travel,0.5989875793457031
-3.0821915,-14.371635,-2.326867,turn,,,,,,,,18,linear_acceleration,travel,0.6006388664245605
1.1653042,-10.741625,-3.4856477,turn,,,,,,,,18,linear_acceleration,travel,0.6024389266967773
,,,turn,,,,0.3011163,-0.70273244,0.11815533,0.6336683,18,rotation_vector,travel,0.6056888103485107
,,,turn,,,,0.33019766,-0.7041054,0.13093288,0.6148673,18,rotation_vector,travel,0.6076078414916992
,,,turn,-2.6858218,-1.0138836,1.8333594,,,,,18,gyroscope,travel,0.6097137928009033
5.904851,-9.713573,-3.3023906,turn,,,,,,,,18,linear_acceleration,travel,0.6116459369659424
,,,turn,,,,0.26389575,-0.7002764,0.08761044,0.65749264,18,rotation_vector,travel,0.6135008335113525
,,,turn,,,,0.22775652,-0.6948478,0.04950566,0.6803401,18,rotation_vector,travel,0.6155579090118408
,,,turn,-4.547281,-3.0326405,-0.49968776,,,,,18,gyroscope,travel,0.6181209087371826
,,,turn,,,,0.1930246,-0.6844655,0.003152034,0.70302105,18,rotation_vector,travel,0.6199228763580322
,,,turn,,,,0.17031929,-0.6697107,-0.037998337,0.7218277,18,rotation_vector,travel,0.621452808380127
6.7969403,-9.662777,-2.932864,turn,,,,,,,,18,linear_acceleration,travel,0.6228108406066895
6.3641744,-8.290371,-2.9974494,turn,,,,,,,,18,linear_acceleration,travel,0.6236019134521484
5.197279,-6.3134212,-3.534502,turn,,,,,,,,18,linear_acceleration,travel,0.7401778697967529
,,,turn,,,,0.1298974,-0.6300966,-0.25423738,0.7221275,18,rotation_vector,travel,0.7401878833770752
1.2481718,0.20465088,-2.9088535,turn,,,,,,,,18,linear_acceleration,travel,0.7401919364929199
,,,turn,,,,0.14716527,-0.6377211,-0.16536358,0.7377731,18,rotation_vector,travel,0.7401957511901855
3.726594,-3.9784927,-3.9218073,turn,,,,,,,,18,linear_acceleration,travel,0.7431807518005371
,,,turn,,,,0.15103377,-0.6503715,-0.08430725,0.73966074,18,rotation_vector,travel,0.7451279163360596
,,,turn,-3.6604574,-3.679394,-1.4940237,,,,,18,gyroscope,travel,0.7471907138824463
,,,turn,-3.5756998,-3.438713,-1.320996,,,,,18,gyroscope,travel,0.749492883682251
,,,turn,-4.405102,-4.02606,-1.7490599,,,,,18,gyroscope,travel,0.7509796619415283
1.7274303,-0.9250951,-3.7534223,turn,,,,,,,,18,linear_acceleration,travel,0.752051830291748
,,,turn,,,,0.10184266,-0.6198764,-0.33341333,0.7030055,18,rotation_vector,travel,0.7531378269195557
2.465886,-2.1202626,-3.974805,turn,,,,,,,,18,linear_acceleration,travel,0.7555358409881592
,,,turn,-4.0054436,-3.8951821,-1.6148223,,,,,18,gyroscope,travel,0.7581937313079834
,,,turn,,,,0.037443772,-0.5589158,-0.43494695,0.7050051,18,rotation_vector,travel,0.7598457336425781
1.5032487,-0.23599958,-3.628737,turn,,,,,,,,18,linear_acceleration,travel,0.7616996765136719
,,,turn,,,,0.06824351,-0.591253,-0.3885259,0.7034276,18,rotation_vector,travel,0.7636368274688721
,,,turn,-4.6798387,-3.9008327,-1.7734945,,,,,18,gyroscope,travel,0.7665228843688965
,,,turn,-4.671134,-4.004527,-1.800678,,,,,18,gyroscope,travel,0.7693257331848145
,,,turn,-4.2471933,-3.3512068,-1.4524848,,,,,18,gyroscope,travel,0.7719259262084961
,,,turn,-4.446946,-3.696193,-1.6331482,,,,,18,gyroscope,travel,0.7749137878417969
,,,turn,,,,0.024670208,0.49097872,0.51712054,-0.7006552,18,rotation_vector,travel,0.7780857086181641
1.4735875,0.4519601,-2.6800346,turn,,,,,,,,18,linear_acceleration,travel,0.7801899909973145
1.295558,0.37817,-2.5987644,turn,,,,,,,,18,linear_acceleration,travel,0.7810487747192383
,,,turn,,,,0.003859633,-0.523723,-0.4794189,0.70417106,18,rotation_vector,travel,0.7820117473602295
1.18086,0.15170479,-2.8494534,turn,,,,,,,,18,linear_acceleration,travel,0.8856668472290039
,,,turn,-4.1318927,-2.6256516,-0.928057,,,,,18,gyroscope,travel,0.8856756687164307
,,,turn,-4.206113,-2.96346,-1.1879802,,,,,18,gyroscope,travel,0.8859646320343018
,,,turn,,,,0.05125681,0.46167672,0.5538935,-0.6909627,18,rotation_vector,travel,0.8887386322021484
0.7193084,-0.8626685,-2.549834,turn,,,,,,,,18,linear_acceleration,travel,0.8908607959747314
-0.09144735,-3.6346827,0.3019551,turn,,,,,,,,18,linear_acceleration,travel,1.0346639156341553
,,,turn,,,,0.16035073,0.34531415,0.6849681,-0.62118,18,rotation_vector,travel,1.0346770286560059
-0.21885204,-4.2432194,1.971767,turn,,,,,,,,18,linear_acceleration,travel,1.034681797027588
,,,turn,-1.9468275,-1.0670289,-1.1641564,,,,,18,gyroscope,travel,1.0346858501434326
,,,turn,,,,0.07823968,0.4345201,0.585438,-0.679951,18,rotation_vector,travel,1.0346908569335938
,,,turn,-3.9481747,-2.2715025,-0.8135198,,,,,18,gyroscope,travel,1.037639856338501
0.2524538,-2.0245972,-1.7473998,turn,,,,,,,,18,linear_acceleration,travel,1.040867805480957
-0.030975342,-2.7436714,-0.79205835,turn,,,,,,,,18,linear_acceleration,travel,1.0436837673187256
,,,turn,-3.738037,-1.9124664,-0.78694713,,,,,18,gyroscope,travel,1.0457017421722412
,,,turn,,,,0.12726158,0.38658935,0.6398956,-0.6518334,18,rotation_vector,travel,1.0481228828430176
,,,turn,-1.0813842,-1.764637,-1.8406897,,,,,18,gyroscope,travel,1.0546908378601074
,,,turn,,,,0.21068674,0.1326907,0.762883,-0.59666896,18,rotation_vector,travel,1.0546948909759521
,,,turn,,,,0.104263455,0.40938723,0.61414266,-0.66660345,18,rotation_vector,travel,1.0546996593475342
,,,turn,-0.8587238,-2.4611762,-1.7907515,,,,,18,gyroscope,travel,1.054703712463379
,,,turn,-3.4374914,-1.5439619,-0.91919947,,,,,18,gyroscope,travel,1.0559239387512207
,,,turn,,,,0.1464608,0.36522245,0.6639561,-0.6358649,18,rotation_vector,travel,1.0575408935546875
,,,turn,-2.7221682,-1.2218832,-1.0262536,,,,,18,gyroscope,travel,1.0588688850402832
-0.22556305,-3.9227853,3.00659,turn,,,,,,,,18,linear_acceleration,travel,1.0607669353485107
-0.2530675,-2.9084187,3.4307938,turn,,,,,,,,18,linear_acceleration,travel,1.0655570030212402
,,,turn,,,,0.17351916,0.30944595,0.7122771,-0.6056366,18,rotation_vector,travel,1.0671496391296387
,,,turn,-1.3866642,-1.100321,-1.2953397,,,,,18,gyroscope,travel,1.069577932357788
,,,turn,,,,0.16873652,0.32730147,0.70069087,-0.6110926,18,rotation_vector,travel,1.0711538791656494
,,,turn,-1.2417363,-1.2423472,-1.4051428,,,,,18,gyroscope,travel,1.0726797580718994
,,,turn,,,,0.17728877,0.29068658,0.7215354,-0.6028737,18,rotation_vector,travel,1.0755336284637451
0.32380247,-2.3807507,2.4499102,turn,,,,,,,,18,linear_acceleration,travel,1.0771729946136475
-0.07871008,-2.4692483,2.8666463,turn,,,,,,,,18,linear_acceleration,travel,1.0787267684936523
,,,turn,-1.2286028,-1.4381295,-1.5137241,,,,,18,gyroscope,travel,1.081371784210205
,,,turn,,,,0.18166606,0.26964444,0.73060024,-0.60042703,18,rotation_vector,travel,1.0834758281707764
,,,turn,-1.1690434,-1.6022996,-1.6733127,,,,,18,gyroscope,travel,1.0846829414367676
,,,turn,,,,0.1865716,0.24659543,0.7390096,-0.598537,18,rotation_vector,travel,1.0863816738128662
1.1537809,-3.7217422,2.2589924,turn,,,,,,,,18,linear_acceleration,travel,1.088242769241333
0.85529804,-3.0171266,2.1588526,turn,,,,,,,,18,linear_acceleration,travel,1.0899348258972168
,,,turn,,,,0.19106694,0.22111702,0.7466802,-0.59755284,18,rotation_vector,travel,1.0917057991027832
,,,turn,-1.0795516,-2.281429,-1.9401081,,,,,18,gyroscope,travel,1.093857765197754
1.5943408,-3.6602173,2.293705,turn,,,,,,,,18,linear_acceleration,travel,1.0955767631530762
,,,turn,,,,0.19584519,0.19346683,0.753297,-0.59729314,18,rotation_vector,travel,1.0970988273620605
,,,turn,,,,0.20228261,0.16356741,0.7590638,-0.5967827,18,rotation_vector,travel,1.099374771118164
2.4136438,-3.190833,2.1250787,turn,,,,,,,,18,linear_acceleration,travel,1.1014978885650635
,,,turn,-1.0908526,-1.9946277,-1.9448422,,,,,18,gyroscope,travel,1.103834867477417
,,,turn,-0.5215262,-2.5251641,-1.5395331,,,,,18,gyroscope,travel,1.1086127758026123
3.467536,-2.242179,1.7968498,turn,,,,,,,,18,linear_acceleration,travel,1.1103696823120117
,,,turn,,,,0.22009613,0.10335217,0.7632993,-0.59854025,18,rotation_vector,travel,1.1113307476043701
4.2645245,-0.5234852,1.2688553,turn,,,,,,,,18,linear_acceleration,travel,1.1127498149871826
,,,turn,,,,0.23127125,0.07670872,0.76124024,-0.60095155,18,rotation_vector,travel,1.1159749031066895
4.3724356,2.4680161,0.055040002,turn,,,,,,,,18,linear_acceleration,travel,1.1181697845458984
,,,turn,,,,0.24382393,0.05242125,0.75842917,-0.602152,18,rotation_vector,travel,1.1194548606872559
4.5094824,1.198317,0.6407138,turn,,,,,,,,18,linear_acceleration,travel,1.121161937713623
,,,turn,-0.4014912,-2.520888,-1.2623531,,,,,18,gyroscope,travel,1.122074842453003
,,,turn,-0.452193,-2.5047002,-0.9579894,,,,,18,gyroscope,travel,1.123161792755127
4.2552776,3.2603083,-0.26549232,turn,,,,,,,,18,linear_acceleration,travel,1.263744831085205
4.0716696,4.4578586,-0.11838591,turn,,,,,,,,18,linear_acceleration,travel,1.2683918476104736
,,,turn,-0.5514586,-2.4517076,-0.6577492,,,,,18,gyroscope,travel,1.2684040069580078
,,,turn,,,,0.29107788,-0.00497617,0.749652,-0.5943659,18,rotation_vector,travel,1.2684097290039062
,,,turn,-0.57864213,-2.4000895,-0.26221392,,,,,18,gyroscope,travel,1.2684149742126465
,,,turn,,,,0.36135387,-0.022932502,0.74137664,-0.56502944,18,rotation_vector,travel,1.2684175968170166
1.3041492,6.5372066,-0.66740674,turn,,,,,,,,18,linear_acceleration,travel,1.2684218883514404
,,,turn,,,,0.4220219,-0.008315376,0.73676264,-0.5282133,18,rotation_vector,travel,1.2684259414672852
,,,turn,,,,0.27322367,0.010763911,0.75289804,-0.5986464,18,rotation_vector,travel,1.2684307098388672
,,,turn,,,,0.257846,0.030337604,0.75563073,-0.6013463,18,rotation_vector,travel,1.2708816528320312
,,,turn,-0.57833666,-2.3710735,0.25961772,,,,,18,gyroscope,travel,1.2735497951507568
,,,turn,-0.6462954,-2.2768476,0.850019,,,,,18,gyroscope,travel,1.275648832321167
3.4627042,6.915783,-0.1302315,turn,,,,,,,,18,linear_acceleration,travel,1.2768146991729736
,,,turn,,,,0.3117309,-0.016152687,0.7463704,-0.5877876,18,rotation_vector,travel,1.278770923614502
3.8512843,5.838504,-0.064015985,turn,,,,,,,,18,linear_acceleration,travel,1.2810897827148438
,,,turn,-0.8414669,-2.0796907,2.1739166,,,,,18,gyroscope,travel,1.283254623413086
,,,turn,,,,0.33505946,-0.022146584,0.74362665,-0.5781558,18,rotation_vector,travel,1.284639835357666
,,,turn,-0.74388117,-2.1685717,1.5022703,,,,,18,gyroscope,travel,1.2859728336334229
2.8097384,7.422969,-0.19450021,turn,,,,,,,,18,linear_acceleration,travel,1.2875950336456299
2.0638697,7.2311907,-0.29352754,turn,,,,,,,,18,linear_acceleration,travel,1.289132833480835
,,,turn,-0.8764389,-1.8710803,3.5654678,,,,,18,gyroscope,travel,1.2912650108337402
,,,turn,,,,0.39039847,-0.018463576,0.7392555,-0.5484063,18,rotation_vector,travel,1.2974178791046143
,,,turn,-0.88697636,-1.9840903,2.8565586,,,,,18,gyroscope,travel,1.2990527153015137
0.58584213,6.01036,-1.0646124,turn,,,,,,,,18,linear_acceleration,travel,1.300069808959961
,,,turn,-1.0592403,-1.3736832,4.978857,,,,,18,gyroscope,travel,1.4029970169067383
,,,turn,-0.93401295,-1.6673567,4.285067,,,,,18,gyroscope,travel,1.4058318138122559
-6.407833,-0.762959,-1.4471669,turn,,,,,,,,18,linear_acceleration,travel,1.4076588153839111
,,,turn,-1.204779,-0.98746365,5.5272613,,,,,18,gyroscope,travel,1.4076647758483887
,,,turn,,,,0.49452606,0.049225006,0.7367095,-0.45856297,18,rotation_vector,travel,1.408822774887085
,,,turn,-1.2006557,-0.81306165,6.3378797,,,,,18,gyroscope,travel,1.4115488529205322
-1.4138584,3.4177608,-1.4898187,turn,,,,,,,,18,linear_acceleration,travel,1.411557912826538
,,,turn,,,,0.6392969,0.21752755,0.6913175,-0.25702435,18,rotation_vector,travel,1.4115636348724365
,,,turn,,,,0.4555808,0.007937449,0.73357797,-0.5042288,18,rotation_vector,travel,1.4125628471374512
-0.29928064,5.326338,-1.6078477,turn,,,,,,,,18,linear_acceleration,travel,1.415740966796875
,,,turn,-1.2179126,-0.82848597,6.0587144,,,,,18,gyroscope,travel,1.4185948371887207
,,,turn,,,,0.52718616,0.07734638,0.7324834,-0.42374575,18,rotation_vector,travel,1.4200198650360107
,,,turn,,,,0.5578734,0.10973791,0.7276128,-0.38381562,18,rotation_vector,travel,1.4259798526763916
-3.7667112,0.69080496,-1.6688969,turn,,,,,,,,18,linear_acceleration,travel,1.4289507865905762
-9.799387,-6.1888323,-0.68928975,turn,,,,,,,,18,linear_acceleration,travel,1.435680627822876
,,,turn,-0.8720101,-0.8208502,6.1556892,,,,,18,gyroscope,travel,1.4382307529449463
,,,turn,,,,0.58808756,0.14547211,0.71927273,-0.34005556,18,rotation_vector,travel,1.4406766891479492
-8.261487,-2.669209,-1.2826898,turn,,,,,,,,18,linear_acceleration,travel,1.4426958560943604
,,,turn,,,,0.61555254,0.18114701,0.70783687,-0.29537755,18,rotation_vector,travel,1.4447848796844482
-10.154679,-9.893546,0.51905966,turn,,,,,,,,18,linear_acceleration,travel,1.484893798828125
,,,turn,,,,0.65894145,0.25573626,0.6679981,-0.23275247,18,rotation_vector,travel,1.484914779663086
,,,turn,0.18707748,-1.1498011,5.700442,,,,,18,gyroscope,travel,1.4870789051055908
,,,turn,1.5158621,-1.3836098,4.6825876,,,,,18,gyroscope,travel,1.4893896579742432
-7.1150064,-12.468318,0.62081534,turn,,,,,,,,18,linear_acceleration,travel,1.4931728839874268
,,,turn,1.5034921,-0.23396139,1.8855883,,,,,18,gyroscope,travel,1.4977118968963623
,,,turn,,,,0.6705323,0.29276428,0.64375144,-0.22418684,18,rotation_vector,travel,1.5000298023223877
0.51616764,-10.508251,-2.1003215,turn,,,,,,,,18,linear_acceleration,travel,1.5014846324920654
,,,turn,,,,0.67319185,0.32200503,0.6271787,-0.22309726,18,rotation_vector,travel,1.502612829208374
,,,turn,2.2411118,-0.9958631,3.3507485,,,,,18,gyroscope,travel,1.5047476291656494
-2.3839111,-12.038672,-1.3088647,turn,,,,,,,,18,linear_acceleration,travel,1.5067877769470215
,,,turn,-1.5143349,0.20326541,-0.11789699,,,,,18,gyroscope,travel,1.6274638175964355
1.7495327,-12.323906,2.1122465,turn,,,,,,,,18,linear_acceleration,travel,1.6274785995483398
2.3239603,-12.731263,1.7248572,turn,,,,,,,,18,linear_acceleration,travel,1.62748384475708
2.0472946,-12.34038,1.2639375,turn,,,,,,,,18,linear_acceleration,travel,1.6274878978729248
,,,turn,0.4176791,0.41355577,-1.0154108,,,,,18,gyroscope,travel,1.6274917125701904
,,,turn,0.35140023,0.33078352,-2.6311493,,,,,18,gyroscope,travel,1.6274957656860352
,,,turn,0.9071349,0.4529566,-1.9886718,,,,,18,gyroscope,travel,1.6274995803833008
,,,turn,,,,0.67262805,0.3338335,0.62305146,-0.21893755,18,rotation_vector,travel,1.6278908252716064
0.10412216,-10.057663,1.1921211,turn,,,,,,,,18,linear_acceleration,travel,1.6309986114501953
,,,turn,-0.24419338,0.28878653,0.86070913,,,,,18,gyroscope,travel,1.6331489086151123
,,,turn,,,,0.6750065,0.3295413,0.6267141,-0.20735988,18,rotation_vector,travel,1.6348369121551514
0.66689396,-9.5947895,-0.65851676,turn,,,,,,,,18,linear_acceleration,travel,1.6364498138427734
,,,turn,-1.5315919,0.30497447,0.29932398,,,,,18,gyroscope,travel,1.6376187801361084
,,,turn,,,,0.6794319,0.3178603,0.6318663,-0.19514656,18,rotation_vector,travel,1.6394047737121582
0.50621223,-11.300221,1.9641472,turn,,,,,,,,18,linear_acceleration,travel,1.6412959098815918
,,,turn,-0.5717699,0.26648995,-0.5540548,,,,,18,gyroscope,travel,1.6433956623077393
,,,turn,,,,0.6809896,0.30815163,0.63654655,-0.19001155,18,rotation_vector,travel,1.6448557376861572
,,,turn,,,,0.67707133,0.3036211,0.6413748,-0.19500507,18,rotation_vector,travel,1.6463596820831299
,,,turn,0.93615097,0.49877146,-1.4445436,,,,,18,gyroscope,travel,1.6486217975616455
,,,turn,,,,0.66888905,0.30186293,0.64681697,-0.20759122,18,rotation_vector,travel,1.651139736175537
,,,turn,,,,0.6587423,0.29854956,0.65310705,-0.22445025,18,rotation_vector,travel,1.6536178588867188
0.9121971,-9.959531,1.3971052,turn,,,,,,,,18,linear_acceleration,travel,1.6566369533538818
,,,turn,,,,0.64861876,0.28846112,0.6609605,-0.24334155,18,rotation_vector,travel,1.6577317714691162
1.5338516,-11.236399,1.4473169,turn,,,,,,,,18,linear_acceleration,travel,1.6588149070739746
,,,turn,,,,0.62969655,0.23938338,0.68463826,-0.27829558,18,rotation_vector,travel,1.7661638259887695
,,,turn,-0.9654725,0.39354995,-3.8638754,,,,,18,gyroscope,travel,1.7737798690795898
,,,turn,-0.4428773,0.26526824,-3.2760704,,,,,18,gyroscope,travel,1.775965929031372
0.41249275,-9.362016,0.9745713,turn,,,,,,,,18,linear_acceleration,travel,1.7772307395935059
-0.041731834,-9.467296,0.5354829,turn,,,,,,,,18,linear_acceleration,travel,1.7787137031555176
,,,turn,,,,0.63941705,0.2685699,0.6712892,-0.26150885,18,rotation_vector,travel,1.7805538177490234
,,,turn,-0.84589565,0.5991061,-4.3120975,,,,,18,gyroscope,travel,1.7824997901916504
-0.68131256,-9.162652,0.39191225,turn,,,,,,,,18,linear_acceleration,travel,1.7845876216888428
,,,turn,,,,0.61654526,0.20552732,0.7000372,-0.2959368,18,rotation_vector,travel,1.7858686447143555
-1.4068336,-8.720186,0.11890459,turn,,,,,,,,18,linear_acceleration,travel,1.787057876586914
,,,turn,,,,0.59876645,0.17192324,0.71472645,-0.31794217,18,rotation_vector,travel,1.789686679840088
,,,turn,-0.300393,0.79244494,-4.678922,,,,,18,gyroscope,travel,1.7926499843597412
,,,turn,0.31597003,0.9476047,-4.968625,,,,,18,gyroscope,travel,1.7944839000701904
,,,turn,,,,0.5495514,0.10964713,0.73717684,-0.37754625,18,rotation_vector,travel,1.7961738109588623
-3.4605274,-7.4213424,-0.049947977,turn,,,,,,,,18,linear_acceleration,travel,1.7989907264709473
-2.380128,-8.048753,0.086558044,turn,,,,,,,,18,linear_acceleration,travel,1.802006721496582
,,,turn,0.71929383,0.9963212,-5.2187743,,,,,18,gyroscope,travel,1.8041417598724365
,,,turn,,,,0.5761008,0.14014442,0.7273386,-0.34560964,18,rotation_vector,travel,1.8059568405151367
,,,turn,1.3753631,0.7275405,-5.442504,,,,,18,gyroscope,travel,1.8073577880859375
-4.3105764,-6.9695435,0.3576771,turn,,,,,,,,18,linear_acceleration,travel,1.808558702468872
,,,turn,,,,0.49023235,0.04755916,0.74630535,-0.44770378,18,rotation_vector,travel,1.8099658489227295
,,,turn,,,,0.5204407,0.07869815,0.7438578,-0.41185388,18,rotation_vector,travel,1.811600923538208
-4.280465,-5.033837,1.1154654,turn,,,,,,,,18,linear_acceleration,travel,1.812856674194336
,,,turn,0.9983065,0.9082039,-5.4055467,,,,,18,gyroscope,travel,1.8148276805877686
,,,turn,1.5577064,0.5183192,-5.2096114,,,,,18,gyroscope,travel,1.8294517993927002
,,,turn,,,,0.45973873,0.017280117,0.74390984,-0.48470604,18,rotation_vector,travel,1.8334007263183594
,,,turn,,,,0.42831913,-0.013082504,0.7390606,-0.5197704,18,rotation_vector,travel,1.83595871925354
-3.193029,0.36532068,1.5025916,turn,,,,,,,,18,linear_acceleration,travel,1.8385999202728271
-3.40067,-2.8007588,0.9576432,turn,,,,,,,,18,linear_acceleration,travel,1.8398306369781494
,,,turn,1.7369953,0.24816401,-4.621196,,,,,18,gyroscope,travel,1.9751167297363281
,,,turn,1.3594806,0.5174029,-0.44730607,,,,,18,gyroscope,travel,1.9828639030456543
-2.3667064,2.7942333,1.6133387,turn,,,,,,,,18,linear_acceleration,travel,1.982872724533081
-1.0887899,4.575428,1.3655531,turn,,,,,,,,18,linear_acceleration,travel,1.985374927520752
,,,turn,1.9434677,0.15745051,-3.9839103,,,,,18,gyroscope,travel,1.9879248142242432
,,,turn,,,,0.42181817,-0.034271993,0.7232151,-0.54576063,18,rotation_vector,travel,1.990405797958374
,,,turn,,,,0.3980003,-0.056436546,0.7114518,-0.5764087,18,rotation_vector,travel,1.9932007789611816
,,,turn,2.2079725,0.28848112,-3.3119586,,,,,18,gyroscope,travel,1.996363639831543
,,,turn,,,,0.3768974,-0.07250757,0.6975173,-0.60511214,18,rotation_vector,travel,1.9982290267944336
-0.08273697,5.9124484,0.82556194,turn,,,,,,,,18,linear_acceleration,travel,2.000941753387451
,,,turn,2.362216,0.4616614,-2.6338983,,,,,18,gyroscope,travel,2.0035367012023926
-0.0024442673,6.9446716,0.046339512,turn,,,,,,,,18,linear_acceleration,travel,2.0064539909362793
,,,turn,,,,0.358225,-0.08158053,0.6822346,-0.6321198,18,rotation_vector,travel,2.0077197551727295
,,,turn,2.2548563,0.55878896,-1.9361374,,,,,18,gyroscope,travel,2.0104267597198486
,,,turn,1.8903224,0.53130007,-1.1957687,,,,,18,gyroscope,travel,2.012995719909668
,,,turn,,,,0.34229934,-0.08468409,0.66710305,-0.65622663,18,rotation_vector,travel,2.015101909637451
-0.5823536,7.987549,-0.7413169,turn,,,,,,,,18,linear_acceleration,travel,2.0178637504577637
-1.0243387,8.973177,-1.2634932,turn,,,,,,,,18,linear_acceleration,travel,2.019343852996826
,,,turn,,,,0.3305005,-0.083711445,0.6537883,-0.6755167,18,rotation_vector,travel,2.0207936763763428
,,,turn,,,,0.3235901,-0.07964752,0.64381963,-0.68879753,18,rotation_vector,travel,2.023293972015381
,,,turn,,,,0.3209411,-0.072650194,0.63854396,-0.695687,18,rotation_vector,travel,2.025269031524658
-0.39971304,10.007705,-1.9220663,turn,,,,,,,,18,linear_acceleration,travel,2.0281307697296143
,,,turn,0.7246389,0.59574634,0.25350907,,,,,18,gyroscope,travel,2.029494047164917
-0.8416307,9.780659,-1.6721961,turn,,,,,,,,18,linear_acceleration,travel,2.0310168266296387
,,,turn,,,,0.32184455,-0.06244349,0.6386027,-0.69620657,18,rotation_vector,travel,2.1217758655548096
-0.6466491,9.292341,-1.988694,turn,,,,,,,,18,linear_acceleration,travel,2.1252198219299316
,,,turn,,,,0.32738474,-0.048443835,0.64309627,-0.6905793,18,rotation_vector,travel,2.128098726272583
,,,turn,-0.38759398,0.71593404,1.8255708,,,,,18,gyroscope,travel,2.1306729316711426
-0.38733315,9.7903595,-1.976295,turn,,,,,,,,18,linear_acceleration,travel,2.1326608657836914
,,,turn,0.122783914,0.70188415,0.9952522,,,,,18,gyroscope,travel,2.1354219913482666
,,,turn,-1.3213016,0.66889745,3.619682,,,,,18,gyroscope,travel,2.1382877826690674
,,,turn,,,,0.33871397,-0.030609181,0.6508736,-0.6787485,18,rotation_vector,travel,2.140760660171509
-1.0459628,7.9321713,-1.7338045,turn,,,,,,,,18,linear_acceleration,travel,2.1429638862609863
,,,turn,,,,0.35595927,-0.008584988,0.66130614,-0.6602224,18,rotation_vector,travel,2.1440346240997314
,,,turn,-0.851088,0.6824892,2.719572,,,,,18,gyroscope,travel,2.26754093170166
,,,turn,,,,0.3784483,0.017370667,0.6738179,-0.63438535,18,rotation_vector,travel,2.278526782989502
,,,turn,,,,0.4118118,0.052048575,0.68728775,-0.596102,18,rotation_vector,travel,2.2786037921905518
,,,turn,,,,0.52012455,0.1467019,0.70975834,-0.45187625,18,rotation_vector,travel,2.280651807785034
-8.675588,0.32061815,-1.012784,turn,,,,,,,,18,linear_acceleration,travel,2.2820968627929688
-0.8138952,8.662198,-1.9242958,turn,,,,,,,,18,linear_acceleration,travel,2.2837769985198975
-12.542787,-5.659066,-1.6562725,turn,,,,,,,,18,linear_acceleration,travel,2.2842676639556885
,,,turn,-0.07284568,-1.3918564,5.671731,,,,,18,gyroscope,travel,2.284273862838745
,,,turn,-1.7957911,0.6038403,4.4634395,,,,,18,gyroscope,travel,2.28427791595459
-3.0274777,5.600122,-1.0577939,turn,,,,,,,,18,linear_acceleration,travel,2.285064935684204
,,,turn,-2.2154555,0.40225476,5.25619,,,,,18,gyroscope,travel,2.2863008975982666
-1.8009949,6.9563727,-1.3401834,turn,,,,,,,,18,linear_acceleration,travel,2.2880797386169434
,,,turn,-2.8200593,-0.1572978,6.5748954,,,,,18,gyroscope,travel,2.2902426719665527
,,,turn,-2.5573874,0.12018774,5.9649463,,,,,18,gyroscope,travel,2.2922818660736084
,,,turn,,,,0.44438624,0.08245658,0.698444,-0.5548853,18,rotation_vector,travel,2.2946348190307617
,,,turn,,,,0.48095515,0.11424017,0.70649743,-0.5064512,18,rotation_vector,travel,2.296430826187134
-6.446508,2.3977208,-1.4315642,turn,,,,,,,,18,linear_acceleration,travel,2.2983298301696777
-4.627298,4.1119566,-1.1363479,turn,,,,,,,,18,linear_acceleration,travel,2.300877809524536
,,,turn,,,,0.5611663,0.17934912,0.7050096,-0.39482638,18,rotation_vector,travel,2.303743839263916
-11.095155,-2.3479664,-0.31501222,turn,,,,,,,,18,linear_acceleration,travel,2.3066487312316895
,,,turn,-2.8785498,-0.55741453,7.025103,,,,,18,gyroscope,travel,2.3085858821868896
,,,turn,-2.4327707,-1.1128438,7.274489,,,,,18,gyroscope,travel,2.311267852783203
,,,turn,,,,0.601792,0.21333002,0.69007427,-0.3407849,18,rotation_vector,travel,2.3136098384857178
,,,turn,,,,0.6383266,0.24764347,0.66799784,-0.2915319,18,rotation_vector,travel,2.3163089752197266
,,,turn,-1.724778,-1.5201381,7.2039337,,,,,18,gyroscope,travel,2.3189640045166016
,,,turn,-1.1873693,-1.6288722,6.898043,,,,,18,gyroscope,travel,2.3205618858337402
-12.4619875,-4.6529236,-0.6359167,turn,,,,,,,,18,linear_acceleration,travel,2.323042631149292
,,,turn,-0.75334954,-1.5526668,6.371783,,,,,18,gyroscope,travel,2.325173854827881
-10.138356,-8.516599,-0.6942303,turn,,,,,,,,18,linear_acceleration,travel,2.3275136947631836
-11.78149,-6.6688175,-1.9289019,turn,,,,,,,,18,linear_acceleration,travel,2.329108953475952
,,,turn,,,,0.6691599,0.28059393,0.64249116,-0.24636826,18,rotation_vector,travel,2.330446720123291
,,,turn,,,,0.6932391,0.31186274,0.6157985,-0.2072521,18,rotation_vector,travel,2.3314297199249268
-7.4415884,-10.237598,0.9476197,turn,,,,,,,,18,linear_acceleration,travel,2.422076940536499
,,,turn,,,,0.7092972,0.34382668,0.58917433,-0.17763557,18,rotation_vector,travel,2.4273557662963867
,,,turn,1.5082263,0.08857546,2.313194,,,,,18,gyroscope,travel,2.4273757934570312
-4.7272463,-10.578646,1.0901382,turn,,,,,,,,18,linear_acceleration,travel,2.4273877143859863
-0.9488745,-10.710884,0.3973783,turn,,,,,,,,18,linear_acceleration,travel,2.4273929595947266
,,,turn,,,,0.7158449,0.37796748,0.5652671,-0.15868117,18,rotation_vector,travel,2.4278788566589355
,,,turn,1.8280143,-0.5847508,3.9252675,,,,,18,gyroscope,travel,2.429452657699585
,,,turn,0.93660915,-1.0812315,4.845383,,,,,18,gyroscope,travel,2.431457757949829
,,,turn,,,,0.7141712,0.41155753,0.54657215,-0.14777994,18,rotation_vector,travel,2.4333407878875732
-2.879569,-9.301748,-0.1406475,turn,,,,,,,,18,linear_acceleration,travel,2.4356229305267334
,,,turn,,,,0.7095988,0.43880993,0.53336084,-0.13943331,18,rotation_vector,travel,2.4376277923583984
-3.3330965,-9.828833,0.27534765,turn,,,,,,,,18,linear_acceleration,travel,2.440487861633301
,,,turn,2.0404427,-0.12522738,3.0497448,,,,,18,gyroscope,travel,2.443398952484131
,,,turn,0.6977608,0.11636983,1.7376062,,,,,18,gyroscope,travel,2.4470016956329346
,,,turn,,,,0.7066236,0.45669505,0.52433324,-0.13110057,18,rotation_vector,travel,2.449638843536377
-2.10437,-10.233217,0.27932954,turn,,,,,,,,18,linear_acceleration,travel,2.4526357650756836
,,,turn,0.0038179078,-0.016493361,1.4158329,,,,,18,gyroscope,travel,2.4544756412506104
,,,turn,,,,0.70683295,0.4663215,0.5177665,-0.121857986,18,rotation_vector,travel,2.4556877613067627
-2.6027412,-9.829364,-0.16996184,turn,,,,,,,,18,linear_acceleration,travel,2.4569737911224365
,,,turn,-1.2756393,-0.3295618,0.8750645,,,,,18,gyroscope,travel,2.458570957183838
,,,turn,,,,0.7105411,0.46947086,0.51187,-0.112771586,18,rotation_vector,travel,2.460960626602173
0.3639078,-11.149208,0.14993417,turn,,,,,,,,18,linear_acceleration,travel,2.462857961654663
,,,turn,-0.6611089,-0.21380283,1.1643091,,,,,18,gyroscope,travel,2.463688850402832
,,,turn,,,,0.71555436,0.4516221,0.5184752,-0.12330046,18,rotation_vector,travel,2.4655659198760986
